{
  "pre_review": {
    "svm": {
      "accuracy": 0.7403846153846154,
      "precision": 0.7666666666666667,
      "recall": 0.8582089552238806,
      "f1": 0.8098591549295775,
      "auc": 0.7692617991125454
    },
    "rf": {
      "accuracy": 0.7740384615384616,
      "precision": 0.8717948717948718,
      "recall": 0.7611940298507462,
      "f1": 0.8127490039840638,
      "auc": 0.8337031060911658
    },
    "xgboost": {
      "accuracy": 0.75,
      "precision": 0.8306451612903226,
      "recall": 0.7686567164179104,
      "f1": 0.7984496124031008,
      "auc": 0.8200887454618797
    },
    "lightgbm": {
      "accuracy": 0.7451923076923077,
      "precision": 0.7956204379562044,
      "recall": 0.8134328358208955,
      "f1": 0.8044280442804428,
      "auc": 0.8087938684953611
    }
  },
  "full": {
    "svm": {
      "accuracy": 0.8221153846153846,
      "precision": 0.8592592592592593,
      "recall": 0.8656716417910447,
      "f1": 0.862453531598513,
      "auc": 0.8849334409035902
    },
    "rf": {
      "accuracy": 0.8317307692307693,
      "precision": 0.8666666666666667,
      "recall": 0.8731343283582089,
      "f1": 0.8698884758364313,
      "auc": 0.9128680919725696
    },
    "xgboost": {
      "accuracy": 0.8317307692307693,
      "precision": 0.8778625954198473,
      "recall": 0.8582089552238806,
      "f1": 0.8679245283018868,
      "auc": 0.890076643807987
    },
    "lightgbm": {
      "accuracy": 0.8173076923076923,
      "precision": 0.8636363636363636,
      "recall": 0.8507462686567164,
      "f1": 0.8571428571428571,
      "auc": 0.8842275110931828
    }
  }
}