{
  "apache/airflow": {
    "svm": 0.8181818181818182,
    "rf": 0.8253968253968254,
    "xgboost": 0.84375,
    "lightgbm": 0.8484848484848485
  },
  "huggingface/transformers": {
    "svm": 0.7857142857142857,
    "rf": 0.8085106382978723,
    "xgboost": 0.7659574468085106,
    "lightgbm": 0.7755102040816326
  },
  "django/django": {
    "svm": 0.6086956521739131,
    "rf": 0.5,
    "xgboost": 0.5405405405405406,
    "lightgbm": 0.6511627906976745
  },
  "pandas-dev/pandas": {
    "svm": 0.7272727272727273,
    "rf": 0.72,
    "xgboost": 0.6206896551724138,
    "lightgbm": 0.5625
  },
  "home-assistant/core": {
    "svm": 0.963855421686747,
    "rf": 0.975,
    "xgboost": 0.9629629629629629,
    "lightgbm": 0.9629629629629629
  }
}