{
  "apache/airflow": {
    "svm": 0.8571428571428571,
    "rf": 0.8771929824561403,
    "xgboost": 0.8571428571428571,
    "lightgbm": 0.8571428571428571
  },
  "huggingface/transformers": {
    "svm": 0.88,
    "rf": 0.84,
    "xgboost": 0.8627450980392157,
    "lightgbm": 0.8679245283018868
  },
  "django/django": {
    "svm": 0.7843137254901961,
    "rf": 0.8,
    "xgboost": 0.8076923076923077,
    "lightgbm": 0.7924528301886793
  },
  "pandas-dev/pandas": {
    "svm": 0.7333333333333333,
    "rf": 0.7692307692307693,
    "xgboost": 0.72,
    "lightgbm": 0.6666666666666666
  },
  "home-assistant/core": {
    "svm": 0.9512195121951219,
    "rf": 0.9629629629629629,
    "xgboost": 0.9629629629629629,
    "lightgbm": 0.95
  }
}