{
  "C1_P1": {
    "n_total": 50,
    "bleu": 1.3135514713401397,
    "rouge1": 0.06431439991158631,
    "rouge2": 0.010727243341416224,
    "rougeL": 0.051547488478620805,
    "avg_latency": 10.959441742460477,
    "avg_pred_len": 128.7
  },
  "C1_P2": {
    "n_total": 50,
    "bleu": 1.215695408611644,
    "rouge1": 0.05143422326948288,
    "rouge2": 0.008562430081611666,
    "rougeL": 0.04331991197410388,
    "avg_latency": 11.083168825439934,
    "avg_pred_len": 129.94
  },
  "C1_P3": {
    "n_total": 50,
    "bleu": 1.2528907679376275,
    "rouge1": 0.0578509659505419,
    "rouge2": 0.0081162443985797,
    "rougeL": 0.051971318497944986,
    "avg_latency": 17.200401136259025,
    "avg_pred_len": 126.64
  },
  "C1_P4": {
    "n_total": 50,
    "bleu": 0.978234220071082,
    "rouge1": 0.045600839778937446,
    "rouge2": 0.012840531415853569,
    "rougeL": 0.04083345807085508,
    "avg_latency": 8.990704500219435,
    "avg_pred_len": 125.22
  },
  "C2_P1": {
    "n_total": 50,
    "bleu": 1.1645923310041786,
    "rouge1": 0.05753566615675802,
    "rouge2": 0.011244960158187494,
    "rougeL": 0.044586426939144594,
    "avg_latency": 9.219991297560046,
    "avg_pred_len": 122.12
  },
  "C2_P2": {
    "n_total": 50,
    "bleu": 1.1513063942067239,
    "rouge1": 0.056530155907179316,
    "rouge2": 0.010010907989128568,
    "rougeL": 0.05065249787577392,
    "avg_latency": 10.357844119159854,
    "avg_pred_len": 125.28
  },
  "C2_P3": {
    "n_total": 50,
    "bleu": 0.7458750856552454,
    "rouge1": 0.043308050476060955,
    "rouge2": 0.008322636586648075,
    "rougeL": 0.03923157624837141,
    "avg_latency": 16.378057378278754,
    "avg_pred_len": 135.14
  },
  "C2_P4": {
    "n_total": 50,
    "bleu": 1.0742570440085073,
    "rouge1": 0.0431796912965981,
    "rouge2": 0.010203209002386457,
    "rougeL": 0.03673392427522132,
    "avg_latency": 9.286178862879169,
    "avg_pred_len": 124.24
  },
  "C3_P1": {
    "n_total": 50,
    "bleu": 0.6630054701591179,
    "rouge1": 0.049091667427425933,
    "rouge2": 0.015080314488365885,
    "rougeL": 0.038432676406157266,
    "avg_latency": 11.870819908559788,
    "avg_pred_len": 116.62
  },
  "C3_P2": {
    "n_total": 50,
    "bleu": 0.5219758526528722,
    "rouge1": 0.03626457091712064,
    "rouge2": 0.005990284445752036,
    "rougeL": 0.02983037246203178,
    "avg_latency": 11.780820457699884,
    "avg_pred_len": 120.62
  },
  "C3_P3": {
    "n_total": 50,
    "bleu": 0.8749842839563851,
    "rouge1": 0.05459352829641701,
    "rouge2": 0.010194548852245107,
    "rougeL": 0.04580810147055282,
    "avg_latency": 15.371077253699186,
    "avg_pred_len": 122.1
  },
  "C3_P4": {
    "n_total": 50,
    "bleu": 0.963130348516975,
    "rouge1": 0.04963709936735774,
    "rouge2": 0.011952271928273724,
    "rougeL": 0.042346485751717025,
    "avg_latency": 7.199888723279291,
    "avg_pred_len": 122.72
  },
  "C4_P1": {
    "n_total": 50,
    "bleu": 0.9180953592999145,
    "rouge1": 0.05998581593848696,
    "rouge2": 0.011142439375883084,
    "rougeL": 0.05181199184806481,
    "avg_latency": 10.120523101639119,
    "avg_pred_len": 118.86
  },
  "C4_P2": {
    "n_total": 50,
    "bleu": 0.9691852730807063,
    "rouge1": 0.04566043631338413,
    "rouge2": 0.010552461457700698,
    "rougeL": 0.038417026325912,
    "avg_latency": 11.95163170230051,
    "avg_pred_len": 122.18
  },
  "C4_P3": {
    "n_total": 50,
    "bleu": 0.66688933747209,
    "rouge1": 0.0414991844325546,
    "rouge2": 0.007042130318363966,
    "rougeL": 0.03611593974312406,
    "avg_latency": 21.424355181100253,
    "avg_pred_len": 130.42
  },
  "C4_P4": {
    "n_total": 50,
    "bleu": 0.9587932405992634,
    "rouge1": 0.04627132410772248,
    "rouge2": 0.012149278901332227,
    "rougeL": 0.04058781310630009,
    "avg_latency": 8.860937160741305,
    "avg_pred_len": 120.28
  }
}