{
  "svm": {
    "accuracy": 0.7,
    "precision": 0.7741935483870968,
    "recall": 0.75,
    "f1": 0.7619047619047619
  },
  "rf": {
    "accuracy": 0.78,
    "precision": 0.8888888888888888,
    "recall": 0.75,
    "f1": 0.8135593220338984
  },
  "xgboost": {
    "accuracy": 0.74,
    "precision": 0.88,
    "recall": 0.6875,
    "f1": 0.7719298245614035
  },
  "lightgbm": {
    "accuracy": 0.72,
    "precision": 0.8,
    "recall": 0.75,
    "f1": 0.7741935483870968
  }
}