{
  "classify_f1": {
    "human": {
      "by_context": {
        "C1": 0.7935231435231436,
        "C2": 0.810126582278481,
        "C3": 0.7886075949367088,
        "C4": 0.8025316455696203
      },
      "gain_C4_minus_C1": 0.00900850204647674
    },
    "ai": {
      "by_context": {
        "C1": 0.8488269886944353,
        "C2": 0.8588039867109634,
        "C3": 0.856282978307602,
        "C4": 0.8479480164158687
      },
      "gain_C4_minus_C1": -0.0008789722785665921
    },
    "control": {
      "by_context": {
        "C1": 0.8011257475443953,
        "C2": 0.8073622402890696,
        "C3": 0.8100953273949054,
        "C4": 0.8098464317976513
      },
      "gain_C4_minus_C1": 0.008720684253256006
    }
  },
  "generate_rougeL": {
    "human": {
      "by_context": {
        "C1": 0.04691804425538119,
        "C2": 0.04280110633462781,
        "C3": 0.03910440902261472,
        "C4": 0.04173319275585024
      },
      "gain_C4_minus_C1": -0.005184851499530949
    },
    "ai": {
      "by_context": {
        "C1": 0.04587927439820825,
        "C2": 0.05324411847729309,
        "C3": 0.04838622725733212,
        "C4": 0.05061738175450764
      },
      "gain_C4_minus_C1": 0.004738107356299391
    },
    "control": {
      "by_context": {
        "C1": 0.04691804425538119,
        "C2": 0.04280110633462781,
        "C3": 0.03910440902261472,
        "C4": 0.04173319275585024
      },
      "gain_C4_minus_C1": -0.005184851499530949
    }
  }
}