{
  "ai": {
    "C1_P1": {
      "n_total": 72,
      "bleu": 1.0690580667150429,
      "rouge1": 0.05335807732625408,
      "rouge2": 0.016143507831383973,
      "rougeL": 0.04923342859929966,
      "avg_latency": 7.968893940819498,
      "avg_pred_len": 118.52777777777777
    },
    "C1_P2": {
      "n_total": 72,
      "bleu": 0.8410816178089948,
      "rouge1": 0.048165243633162276,
      "rouge2": 0.018342160572112395,
      "rougeL": 0.044182006150728904,
      "avg_latency": 8.454805373861543,
      "avg_pred_len": 99.25
    },
    "C1_P3": {
      "n_total": 72,
      "bleu": 0.7086380382545543,
      "rouge1": 0.05120711815524396,
      "rouge2": 0.010419633692138058,
      "rougeL": 0.04719936056928287,
      "avg_latency": 15.733078906596852,
      "avg_pred_len": 101.90277777777777
    },
    "C1_P4": {
      "n_total": 72,
      "bleu": 0.6854218744534734,
      "rouge1": 0.04663097918482317,
      "rouge2": 0.0200711908800288,
      "rougeL": 0.04290230227352157,
      "avg_latency": 7.409023474250211,
      "avg_pred_len": 100.95833333333333
    },
    "C2_P1": {
      "n_total": 72,
      "bleu": 1.2251087918432448,
      "rouge1": 0.06159854853063172,
      "rouge2": 0.02082850306610161,
      "rougeL": 0.05411185931422858,
      "avg_latency": 10.767162932375262,
      "avg_pred_len": 119.59722222222223
    },
    "C2_P2": {
      "n_total": 72,
      "bleu": 1.2539140190002978,
      "rouge1": 0.05925755867063769,
      "rouge2": 0.019413270420599024,
      "rougeL": 0.048837073423250464,
      "avg_latency": 11.52417543088854,
      "avg_pred_len": 113.65277777777777
    },
    "C2_P3": {
      "n_total": 72,
      "bleu": 1.462533982347101,
      "rouge1": 0.06475747959507269,
      "rouge2": 0.023963996832495393,
      "rougeL": 0.05847933807213958,
      "avg_latency": 16.163700955681026,
      "avg_pred_len": 123.83333333333333
    },
    "C2_P4": {
      "n_total": 72,
      "bleu": 0.7150247655598931,
      "rouge1": 0.05775237398478789,
      "rouge2": 0.019446223158886486,
      "rougeL": 0.05154820309955373,
      "avg_latency": 8.5551828572644,
      "avg_pred_len": 110.52777777777777
    },
    "C3_P1": {
      "n_total": 72,
      "bleu": 0.8037749365383429,
      "rouge1": 0.04986372893633062,
      "rouge2": 0.010842147932480605,
      "rougeL": 0.0437868378895461,
      "avg_latency": 7.695274279028025,
      "avg_pred_len": 111.875
    },
    "C3_P2": {
      "n_total": 72,
      "bleu": 0.7225733362240384,
      "rouge1": 0.04768260007776193,
      "rouge2": 0.013864751125780539,
      "rougeL": 0.0455790936064433,
      "avg_latency": 8.928835403153142,
      "avg_pred_len": 109.44444444444444
    },
    "C3_P3": {
      "n_total": 72,
      "bleu": 1.1745332886996072,
      "rouge1": 0.06456837366907509,
      "rouge2": 0.023375224441431374,
      "rougeL": 0.05889561528650347,
      "avg_latency": 12.10342631606909,
      "avg_pred_len": 123.875
    },
    "C3_P4": {
      "n_total": 72,
      "bleu": 0.5597386598114543,
      "rouge1": 0.05117518292267716,
      "rouge2": 0.015834327135496696,
      "rougeL": 0.0452833622468356,
      "avg_latency": 7.059057607277989,
      "avg_pred_len": 101.65277777777777
    },
    "C4_P1": {
      "n_total": 72,
      "bleu": 1.1976459931940755,
      "rouge1": 0.05446636988663586,
      "rouge2": 0.02124209083153367,
      "rougeL": 0.049529519365417086,
      "avg_latency": 9.806149197959208,
      "avg_pred_len": 115.81944444444444
    },
    "C4_P2": {
      "n_total": 72,
      "bleu": 1.194988862252207,
      "rouge1": 0.05983941201392214,
      "rouge2": 0.018348919024124544,
      "rougeL": 0.054357517489842994,
      "avg_latency": 10.82153291483337,
      "avg_pred_len": 110.86111111111111
    },
    "C4_P3": {
      "n_total": 72,
      "bleu": 1.1524445960785192,
      "rouge1": 0.05838411083647992,
      "rouge2": 0.017096946682054776,
      "rougeL": 0.04990839531730656,
      "avg_latency": 17.459180078791583,
      "avg_pred_len": 134.20833333333334
    },
    "C4_P4": {
      "n_total": 72,
      "bleu": 1.0950206708767187,
      "rouge1": 0.05508113180771173,
      "rouge2": 0.01707693224992341,
      "rougeL": 0.04867409484546392,
      "avg_latency": 10.225330477888747,
      "avg_pred_len": 119.43055555555556
    }
  },
  "control": {
    "C1_P1": {
      "n_total": 50,
      "bleu": 1.3135514713401397,
      "rouge1": 0.06431439991158631,
      "rouge2": 0.010727243341416224,
      "rougeL": 0.051547488478620805,
      "avg_latency": 10.959441742460477,
      "avg_pred_len": 128.7
    },
    "C1_P2": {
      "n_total": 50,
      "bleu": 1.215695408611644,
      "rouge1": 0.05143422326948288,
      "rouge2": 0.008562430081611666,
      "rougeL": 0.04331991197410388,
      "avg_latency": 11.083168825439934,
      "avg_pred_len": 129.94
    },
    "C1_P3": {
      "n_total": 50,
      "bleu": 1.2528907679376275,
      "rouge1": 0.0578509659505419,
      "rouge2": 0.0081162443985797,
      "rougeL": 0.051971318497944986,
      "avg_latency": 17.200401136259025,
      "avg_pred_len": 126.64
    },
    "C1_P4": {
      "n_total": 50,
      "bleu": 0.978234220071082,
      "rouge1": 0.045600839778937446,
      "rouge2": 0.012840531415853569,
      "rougeL": 0.04083345807085508,
      "avg_latency": 8.990704500219435,
      "avg_pred_len": 125.22
    },
    "C2_P1": {
      "n_total": 50,
      "bleu": 1.1645923310041786,
      "rouge1": 0.05753566615675802,
      "rouge2": 0.011244960158187494,
      "rougeL": 0.044586426939144594,
      "avg_latency": 9.219991297560046,
      "avg_pred_len": 122.12
    },
    "C2_P2": {
      "n_total": 50,
      "bleu": 1.1513063942067239,
      "rouge1": 0.056530155907179316,
      "rouge2": 0.010010907989128568,
      "rougeL": 0.05065249787577392,
      "avg_latency": 10.357844119159854,
      "avg_pred_len": 125.28
    },
    "C2_P3": {
      "n_total": 50,
      "bleu": 0.7458750856552454,
      "rouge1": 0.043308050476060955,
      "rouge2": 0.008322636586648075,
      "rougeL": 0.03923157624837141,
      "avg_latency": 16.378057378278754,
      "avg_pred_len": 135.14
    },
    "C2_P4": {
      "n_total": 50,
      "bleu": 1.0742570440085073,
      "rouge1": 0.0431796912965981,
      "rouge2": 0.010203209002386457,
      "rougeL": 0.03673392427522132,
      "avg_latency": 9.286178862879169,
      "avg_pred_len": 124.24
    },
    "C3_P1": {
      "n_total": 50,
      "bleu": 0.6630054701591179,
      "rouge1": 0.049091667427425933,
      "rouge2": 0.015080314488365885,
      "rougeL": 0.038432676406157266,
      "avg_latency": 11.870819908559788,
      "avg_pred_len": 116.62
    },
    "C3_P2": {
      "n_total": 50,
      "bleu": 0.5219758526528722,
      "rouge1": 0.03626457091712064,
      "rouge2": 0.005990284445752036,
      "rougeL": 0.02983037246203178,
      "avg_latency": 11.780820457699884,
      "avg_pred_len": 120.62
    },
    "C3_P3": {
      "n_total": 50,
      "bleu": 0.8749842839563851,
      "rouge1": 0.05459352829641701,
      "rouge2": 0.010194548852245107,
      "rougeL": 0.04580810147055282,
      "avg_latency": 15.371077253699186,
      "avg_pred_len": 122.1
    },
    "C3_P4": {
      "n_total": 50,
      "bleu": 0.963130348516975,
      "rouge1": 0.04963709936735774,
      "rouge2": 0.011952271928273724,
      "rougeL": 0.042346485751717025,
      "avg_latency": 7.199888723279291,
      "avg_pred_len": 122.72
    },
    "C4_P1": {
      "n_total": 50,
      "bleu": 0.9180953592999145,
      "rouge1": 0.05998581593848696,
      "rouge2": 0.011142439375883084,
      "rougeL": 0.05181199184806481,
      "avg_latency": 10.120523101639119,
      "avg_pred_len": 118.86
    },
    "C4_P2": {
      "n_total": 50,
      "bleu": 0.9691852730807063,
      "rouge1": 0.04566043631338413,
      "rouge2": 0.010552461457700698,
      "rougeL": 0.038417026325912,
      "avg_latency": 11.95163170230051,
      "avg_pred_len": 122.18
    },
    "C4_P3": {
      "n_total": 50,
      "bleu": 0.66688933747209,