{
  "ai": {
    "pre": {
      "svm": {
        "accuracy": 0.7233201581027668,
        "precision": 0.7510729613733905,
        "recall": 0.9358288770053476,
        "f1": 0.8333333333333334,
        "n": 253,
        "positive_rate": 0.7391304347826086
      },
      "rf": {
        "accuracy": 0.5177865612648221,
        "precision": 0.8037383177570093,
        "recall": 0.45989304812834225,
        "f1": 0.5850340136054422,
        "n": 253,
        "positive_rate": 0.7391304347826086
      },
      "xgboost": {
        "accuracy": 0.5296442687747036,
        "precision": 0.8207547169811321,
        "recall": 0.46524064171123,
        "f1": 0.5938566552901023,
        "n": 253,
        "positive_rate": 0.7391304347826086
      },
      "lightgbm": {
        "accuracy": 0.549407114624506,
        "precision": 0.8016528925619835,
        "recall": 0.5187165775401069,
        "f1": 0.6298701298701299,
        "n": 253,
        "positive_rate": 0.7391304347826086
      }
    },
    "full": {
      "svm": {
        "accuracy": 0.6086956521739131,
        "precision": 0.8666666666666667,
        "recall": 0.5561497326203209,
        "f1": 0.6775244299674267,
        "n": 253,
        "positive_rate": 0.7391304347826086
      },
      "rf": {
        "accuracy": 0.6205533596837944,
        "precision": 0.8582677165354331,
        "recall": 0.5828877005347594,
        "f1": 0.6942675159235668,
        "n": 253,
        "positive_rate": 0.7391304347826086
      },
      "xgboost": {
        "accuracy": 0.5928853754940712,
        "precision": 0.85,
        "recall": 0.5454545454545454,
        "f1": 0.6644951140065146,
        "n": 253,
        "positive_rate": 0.7391304347826086
      },
      "lightgbm": {
        "accuracy": 0.6007905138339921,
        "precision": 0.8524590163934426,
        "recall": 0.5561497326203209,
        "f1": 0.6731391585760518,
        "n": 253,
        "positive_rate": 0.7391304347826086
      }
    }
  },
  "control": {
    "pre": {
      "svm": {
        "accuracy": 0.7,
        "precision": 0.7142857142857143,
        "recall": 0.9090909090909091,
        "f1": 0.8,
        "n": 50,
        "positive_rate": 0.66
      },
      "rf": {
        "accuracy": 0.82,
        "precision": 0.875,
        "recall": 0.8484848484848485,
        "f1": 0.8615384615384616,
        "n": 50,
        "positive_rate": 0.66
      },
      "xgboost": {
        "accuracy": 0.74,
        "precision": 0.7777777777777778,
        "recall": 0.8484848484848485,
        "f1": 0.8115942028985508,
        "n": 50,
        "positive_rate": 0.66
      },
      "lightgbm": {
        "accuracy": 0.66,
        "precision": 0.7,
        "recall": 0.8484848484848485,
        "f1": 0.7671232876712328,
        "n": 50,
        "positive_rate": 0.66
      }
    },
    "full": {
      "svm": {
        "accuracy": 0.74,
        "precision": 0.7941176470588235,
        "recall": 0.8181818181818182,
        "f1": 0.8059701492537313,
        "n": 50,
        "positive_rate": 0.66
      },
      "rf": {
        "accuracy": 0.8,
        "precision": 0.8709677419354839,
        "recall": 0.8181818181818182,
        "f1": 0.84375,
        "n": 50,
        "positive_rate": 0.66
      },
      "xgboost": {
        "accuracy": 0.78,
        "precision": 0.8666666666666667,
        "recall": 0.7878787878787878,
        "f1": 0.8253968253968254,
        "n": 50,
        "positive_rate": 0.66
      },
      "lightgbm": {
        "accuracy": 0.78,
        "precision": 0.8666666666666667,
        "recall": 0.7878787878787878,
        "f1": 0.8253968253968254,
        "n": 50,
        "positive_rate": 0.66
      }
    }
  }
}