{
  "L0_P3_ai": {
    "n_total": 72,
    "bleu": 0.9965607093351685,
    "rouge1": 0.06209160563138327,
    "rouge2": 0.02100237902262876,
    "rougeL": 0.05677868277847617,
    "avg_latency": 11.082252282208275,
    "avg_pred_len": 107.61111111111111,
    "judge_n": 72,
    "judge_relevance": 1.5277777777777777,
    "judge_actionable": 3.736111111111111,
    "judge_correct": 3.9166666666666665,
    "judge_hallucination": 1.2083333333333333,
    "judge_avg_latency": 12.987422012805432,
    "cell": "context_ladder"
  },
  "L1_P3_ai": {
    "n_total": 72,
    "bleu": 0.746368851653252,
    "rouge1": 0.054712329573935486,
    "rouge2": 0.014150109645908574,
    "rougeL": 0.04816407778113369,
    "avg_latency": 14.460889635416606,
    "avg_pred_len": 117.69444444444444,
    "judge_n": 72,
    "judge_relevance": 1.6527777777777777,
    "judge_actionable": 3.9583333333333335,
    "judge_correct": 3.9583333333333335,
    "judge_hallucination": 1.3194444444444444,
    "judge_avg_latency": 13.934467751680561,
    "cell": "context_ladder"
  },
  "L2_P3_ai": {
    "n_total": 72,
    "bleu": 1.7539364632991141,
    "rouge1": 0.056227683100732784,
    "rouge2": 0.013040924802896326,
    "rougeL": 0.04496663285568895,
    "avg_latency": 16.57391840091681,
    "avg_pred_len": 139.31944444444446,
    "judge_n": 69,
    "judge_relevance": 1.6231884057971016,
    "judge_actionable": 3.7246376811594204,
    "judge_correct": 3.7681159420289854,
    "judge_hallucination": 1.6666666666666667,
    "judge_avg_latency": 13.993742167305552,
    "cell": "context_ladder"
  },
  "L3_P3_ai": {
    "n_total": 72,
    "bleu": 1.6180193430896423,
    "rouge1": 0.06050184313282268,
    "rouge2": 0.017179387491990016,
    "rougeL": 0.05430968423267741,
    "avg_latency": 13.640625361333175,
    "avg_pred_len": 140.33333333333334,
    "judge_n": 70,
    "judge_relevance": 1.8,
    "judge_actionable": 4.228571428571429,
    "judge_correct": 4.214285714285714,
    "judge_hallucination": 1.1571428571428573,
    "judge_avg_latency": 12.412404089375084,
    "cell": "context_ladder"
  },
  "L4_P3_ai": {
    "n_total": 72,
    "bleu": 2.2591945590095857,
    "rouge1": 0.06357795778162267,
    "rouge2": 0.01943999450345473,
    "rougeL": 0.055904456083940554,
    "avg_latency": 15.74973998180561,
    "avg_pred_len": 132.95833333333334,
    "judge_n": 71,
    "judge_relevance": 1.5633802816901408,
    "judge_actionable": 4.084507042253521,
    "judge_correct": 3.788732394366197,
    "judge_hallucination": 1.619718309859155,
    "judge_avg_latency": 12.21192628448605,
    "cell": "context_ladder"
  },
  "L4_P5_ai": {
    "n_total": 72,
    "bleu": 0.9672676836565843,
    "rouge1": 0.07024310656426186,
    "rouge2": 0.021461390615157113,
    "rougeL": 0.06216708990136439,
    "avg_latency": 22.25927430819431,
    "avg_pred_len": 120.31944444444444,
    "judge_n": 71,
    "judge_relevance": 1.8873239436619718,
    "judge_actionable": 3.943661971830986,
    "judge_correct": 3.676056338028169,
    "judge_hallucination": 1.647887323943662,
    "judge_avg_latency": 15.477680338750007,
    "cell": "prompt_ablation"
  },
  "L4_P6_ai": {
    "n_total": 72,
    "bleu": 2.0497996156698544,
    "rouge1": 0.06036594019906619,
    "rouge2": 0.016184571136115742,
    "rougeL": 0.05478961079971367,
    "avg_latency": 44.416738138304936,
    "avg_pred_len": 165.29166666666666,
    "judge_n": 72,
    "judge_relevance": 1.5972222222222223,
    "judge_actionable": 4.0,
    "judge_correct": 3.9166666666666665,
    "judge_hallucination": 1.6666666666666667,
    "judge_avg_latency": 15.92111507187494,
    "cell": "prompt_ablation"
  },
  "L0_P5_ai": {
    "n_total": 72,
    "bleu": 0.4119484648318984,
    "rouge1": 0.04630055430947368,
    "rouge2": 0.01237626132758933,
    "rougeL": 0.04228063816477338,
    "avg_latency": 20.632517216291994,
    "avg_pred_len": 100.97222222222223,
    "judge_n": 72,
    "judge_relevance": 1.5972222222222223,
    "judge_actionable": 3.7083333333333335,
    "judge_correct": 3.6944444444444446,
    "judge_hallucination": 1.5694444444444444,
    "judge_avg_latency": 14.217652481110942,
    "cell": "attribution"
  },
  "L4_P3_control": {
    "n_total": 50,
    "bleu": 0.6811790803725063,
    "rouge1": 0.04406084877181418,
    "rouge2": 0.00741180114509794,
    "rougeL": 0.03778599860555684,
    "avg_latency": 17.300806943939243,
    "avg_pred_len": 139.2,
    "judge_n": 49,
    "judge_relevance": 1.5510204081632653,
    "judge_actionable": 3.673469387755102,
    "judge_correct": 3.2653061224489797,
    "judge_hallucination": 1.6734693877551021,
    "judge_avg_latency": 15.622524707840057,
    "cell": "human_control"
  },
  "L4_P5_control": {
    "n_total": 50,
    "bleu": 0.7933077589182942,
    "rouge1": 0.04848026416083165,
    "rouge2": 0.010923395567973003,
    "rougeL": 0.04231990999471544,
    "avg_latency": 24.524102068219364,
    "avg_pred_len": 121.3,
    "judge_n": 49,
    "judge_relevance": 1.7755102040816326,
    "judge_actionable": 3.7551020408163267,
    "judge_correct": 3.7346938775510203,
    "judge_hallucination": 1.5918367346938775,
    "judge_avg_latency": 18.250995973199895,
    "cell": "human_control"
  }
}